WTR	MRR	MTR	TOR
1.9998	1.5	1.999975	1.3333166666666667
