WTR	MRR	MTR	TOR
1.0	1.3333333333333333	1.6272000000000002	1.2204000000000002
